,CAND_ID,total_money,total_ind_don
0,H8IN06129,58954,67
1,H8MA02041,197125,237
2,S4OK00232,141545,179
3,P00014357,628,5
4,H2TN07103,542000,338
5,H8NY01148,103930,39
6,S2WA00387,106418,1964
7,S0TN00169,1069642,9917
8,H8IA02043,548993,764
9,H2NY06116,293444,362
10,H4CA23011,149515,98
11,H8NJ04014,138015,146
12,H0LA01087,10073123,10765
13,S2MO00544,136104,397
14,S2TX00106,943048,4488
15,H2TX03126,227000,139
16,H2MI08154,12729,6
17,H4GA03050,7519,10
18,H4CA36161,3521,2
19,H4CA35072,4160,15
20,H6CA22125,10516425,165688
21,H4FL11097,24786,24
22,S2NY00325,104015,432
23,H4KY05025,25133,33
24,H8WI01156,783895,653
25,H6OH04082,1327648,12382
26,H8NY15148,815118,16912
27,P40013435,2904863,10514
28,H4MI10107,115965,247
29,H4GA12051,8300,6
30,H6FL04105,53350,63
31,H4NY17150,13062,38
32,H6OH08315,172262,145
33,H2AZ02360,1079440,1027
34,H4GA11061,88970,115
35,H2CA39151,8100,6
36,H6VA01117,41810,83
37,S2AK00127,1872,25
38,S2OH00477,1644282,1179
39,H8NJ11142,989185,1941
40,H2MD04315,145395,152
41,H0TX35015,696048,2418
42,H2NY22139,2500,6
43,S2CT00132,4390681,17765
44,H2FL21090,750,2
45,P40010977,10969354,47061
46,S6PA00274,610119,15818
47,S4CA00555,10864161,55334
48,H0NC04220,3969,8
49,H2OR06066,557732,892
50,H4CO03365,8700,3
51,H2OH11169,129240,130
52,H0MI10287,220538,187
53,H2WA05097,23880,139
54,S2GA00175,0,54
55,H0CA25154,70,2
56,H4MT00050,416598,279
57,H2NC08185,1136145,674
58,H2CA47188,284062,494
59,H4AZ03133,119806,108
60,S4CA00613,10800,5
61,S2LA00135,31349,27
62,H4IN05187,12857,12
63,H2TX01112,104866,87
64,P40008849,2100,9
65,H0NC03172,267268,255
66,H8VA10106,351540,724
67,H2IL13153,793141,897
68,H4CA30198,1091679,858
69,H2CA50026,142050,106
70,S4SD00049,76975,69
71,S0KY00420,41792,159
72,S0WY00137,64250,85
73,S4MD00293,500,1
74,H4VA07192,13019,16
75,H4CA30271,683,5
76,H4OH11074,4980,3
77,H2FL14186,563689,1611
78,H2PA10124,18598,101
79,H4TX03114,46900,52
80,P40013518,2419375,3572
81,H4FL28042,324773,586
82,H2OK04055,712478,576
83,H4PA07100,166568,148
84,H4FL25030,97182,135
85,H2NY10308,944861,682
86,H6AZ09010,805,6
87,H4AZ04107,805,6
88,S0ME00111,0,6
89,H4WA05168,21840,26
90,H2NC14076,362405,1147
91,H8GA06393,288550,785
92,H8PA04116,231986,482
93,S4AK00099,107251,218
94,H4CA47085,1105715,1584
95,H2OH02085,199827,264
96,H4AZ06128,93035,52
97,H8MS03125,120550,124
98,H4CA25214,8850,21
99,H2MO03159,50,2
100,S2IA00164,1250,40
101,H0CA52091,17815,6
102,H8TN02119,360007,375
103,H2MN06214,4175,9
104,H2MD02350,553,1
105,P00010876,2113,2
106,H2CA04122,750,6
107,H4TX32055,545152,710
108,H8NY19223,1795487,1364
109,H4IL17085,27449,25
110,H6IL08147,3239115,3011
111,H0GA06192,630123,4755
112,H4NY02087,399416,179
113,H2TX28149,6665,24
114,H0FL24205,1263,4
115,H8AZ01237,228140,8
116,S8DE00079,221054,276
117,H2WA03100,159103,316
118,H2CA13115,214157,116
119,H6FL09070,178498,162
120,S2FL00631,177444,271
121,H2OR01133,101139,179
122,H2IL16081,222,1
123,H2CO07212,2900,1
124,H4NJ01084,314962,238
125,S2GA00225,1230,312
126,H2NJ01187,5,1
127,S4PA00121,-111223,95
128,S4IN00279,65935,83
129,S4NJ00466,1611707,2386
130,H4CA06149,11350,18
131,H2OH03125,110060,107
132,H0MO04086,6250,4
133,H2CA25218,20100,7
134,S6NE00129,340864,201
135,H4PA11078,1700,7
136,P40009409,11699,12
137,H2CT02161,34100,53
138,H8FL15107,68706,63
139,S2PA00505,13050,5
140,H4NY22051,295483,593
141,H4CA45121,126112,342
142,H4VA02060,51182,65
143,H4TX23120,66675,117
144,H2TX34113,278248,2700
145,H4MD06282,36173,105
146,H2NY04244,0,2
147,H0WV01072,0,10
148,S2UT00344,105,1
149,H2MI13311,11020,131
150,H8ME01120,78765,208
151,H0NY02234,359283,402
152,H6CA44103,107460,107
153,H2WI02173,2837,4
154,H4NY03150,119855,107
155,H4OH01109,96050,77
156,H8IN04199,23750,21
157,H8NV03036,128479,158
158,H2SC02042,240800,521
159,H4NC13082,195835,95
160,S4WY00162,19800,6
161,H4IL10098,182730,93
162,H2CA28113,164698,138
163,S4UT00183,300,1
164,H4GA02094,1000,1
165,H2NC12229,19505,7
166,H2TN05446,120917,104
167,P40004954,20,1
168,H0WI05113,147942,165
169,P40012593,511225,803
170,H2TX15203,259350,371
171,H4WI06048,175488,275
172,H8WI00018,3625,4
173,S4MI00454,7720,11
174,P60008521,3972485,5443
175,H4CA31162,217250,83
176,H0TX22302,189462,169
177,H2MN03104,2900,1
178,P00014175,36885,24
179,H2CA52089,172146,255
180,S4UT00209,2009048,695
181,H4NJ09137,15398,28
182,S6AL00013,-1000,1
183,H4CO08018,100468,99
184,H4CA30248,4165,13
185,H4MT01066,562306,688
186,H4MD05219,208,1
187,H8OH03098,4003,37
188,S4TX00706,72375,83
189,H4CA19118,3410,10
190,H4GA02102,1520,7
191,P40010415,780000,1
192,H0NY22117,13150,8
193,H2FL10358,12500,3
194,H4CA31113,136149,59
195,H4NY01154,6140,9
196,H2GA07121,500,1
197,H4MI13234,1000,1
198,H4WI03169,234212,467
199,H0RI01073,16910,23
200,H2NY23152,2000,1
201,H2MI13204,155027,164
202,H2CO08079,-1477,217
203,P40009144,116,2
204,S2SD00126,18374,19
205,H2OH12118,3350,2
206,S0CA00199,501095,9
207,H2CA07141,500,1
208,H4IA03115,22000,4
209,H2AZ06221,4200,2
210,P00006791,4431,10
211,H4CO05105,3624,10
212,H4TX33038,747,10
213,H2LA01109,779,3
214,H2VA07170,106952,116
215,H4MD06316,17961,52
216,H4AZ08090,34755,28
217,H0TX35064,375,5
218,S0SC00149,528358,4229
219,H4CO03282,21295,43
220,H4GA01153,1000,3
221,H6CA24113,351475,242
222,H6WA07458,540928,1337
223,H4LA01154,6250,10
224,H0FL08208,205345,133
225,H4MD06225,168359,278
226,H2MO07143,117818,122
227,H2OH09163,34909,818
228,H4FL14141,3605,7
229,H2TX03282,29000,6
230,H2MI13360,81,1
231,H2TX32182,2150,8
232,H4CA33119,604584,544
233,H0NH02181,578704,1079
234,H8CA34266,413230,348
235,H2NV02551,1200,2
236,S4FL00512,4854,22
237,S6NV00200,386997,5806
238,H2TX08182,299046,5278
239,H4CA49131,42000,52
240,H4TX23104,33727,47
241,H8MO09153,152877,449
242,H0NH01282,-5700,18
243,S4AZ00139,4197285,25572
244,H4RI01323,156537,223
245,H2NC14019,559382,753
246,H6TX15162,416175,226
247,H4CA27129,24017,44
248,H4CA09085,193069,292
249,H8CT04172,231195,376
250,H8FL27185,275658,668
251,S4AR00103,664678,5583
252,H2TX03274,72602,53
253,P40010290,7573,55
254,H0NY27090,397759,298
255,H8OH12180,298830,283
256,H4CA27111,1593050,692
257,H4TX07131,1350,1
258,S0WV00090,817202,593
259,H6NE02125,643249,518
260,H0NY03075,5450,2
261,H0FL26036,141859,149
262,H4AR04048,428300,341
263,H4CA45154,8370,7
264,H0TN03254,577400,316
265,H8CA29100,2768,25
266,H4CA47135,419791,488
267,H4CA25222,42500,38
268,S6MN00267,2097274,9849
269,P40015851,5710,13
270,H8TX21331,594305,67
271,H8NH01210,585532,762
272,P40011645,25,1
273,S6WY00068,866257,3661
274,H4TX38011,29201,5
275,H0OH04085,18957,73
276,S6IN00191,116805,271
277,S2NC00497,120795,130
278,S0UT00165,88841,916
279,H2MO02193,908,2
280,H2FL13287,-2700,6
281,H2PA18200,185300,580
282,S8NY00082,222918,4941
283,H4RI01315,14650,3
284,S2MO00692,0,2
285,H4NC05294,27000,40
286,S0CT00177,16160,149
287,H8FL17053,121931,253
288,H4NY21079,588785,9198
289,S4VA00247,334137,121
290,H4IL06112,12750,11
291,H4TX03122,43504,54
292,P40010746,89202,40
293,H4MI07210,590816,813
294,P00007823,20920,4
295,H4TX12040,272,2
296,H2CA00153,4585,40
297,P40008765,4017,12
298,H2PA17160,1000,2
299,H6TX12060,270232,216
300,H2TX08158,8800,14
301,H0NY03083,144877,88
302,H4IL12078,135935,155
303,S4TX00755,381433,579
304,H4FL08127,1000,1
305,H4ME02275,48371,74
306,H2FL08105,194,1
307,H0MI13471,3000,1
308,S2KY00137,15807,36
309,H8OH13154,239675,2
310,H6IL18088,395649,398
311,H2AK01083,251706,263
312,H8CA49108,190446,17
313,H6LA03148,86255,75
314,H0PA03271,225873,305
315,S2CA00955,89107,720
316,S2MO00775,373,6
317,H2OH01194,807805,822
318,P60003670,114622,35
319,H6NV04020,1038352,1042
320,H4CA40098,55514,62
321,H8CA09060,315825,281
322,H4PA10070,35700,128
323,H4ME02234,206,14
324,H4TX18138,1013186,748
325,S2OH00436,374329,4838
326,H4FL15171,5150,5
327,H8VA01147,511040,382
328,H2KY06217,250,1
329,H0TN01118,155588,511
330,H0VA04064,83670,150
331,H8MD06143,2400,8
332,H2NY10126,5295,2
333,H2VA04177,4700,6
334,H8OR05107,-41629,16
335,H4NY03192,18143,25
336,H2NY10183,52313,56
337,S4TX00680,17800,10
338,H8IL06139,625035,1486
339,H4NJ12149,110407,246
340,H4NC08058,1000,1
341,S4MI00579,100039,2
342,H4AZ08074,3185,10
343,S4MA00291,10250,7
344,H4OK02196,90,2
345,S4CA00746,3500,3
346,H4WV02247,6255,9
347,H4CA30321,187,4
348,P40010704,53361,13
349,H4IL07219,32829,78
350,H2MD05155,178820,151
351,H2TN05354,9280,4
352,H4PA17166,127313,83
353,H4CA31154,316119,237
354,P40014391,61393,53
355,S4VA00312,389572,426
356,S2NY00499,1050,2
357,H6CA05195,143439,154
358,H4CO08034,66246,81
359,H4TX19300,8438,6
360,H2CA47196,1316200,809
361,H0IL11052,-76700,28
362,H4NY04141,2958,15
363,H8OR02161,3037,8
364,H4IL07037,104505,106
365,H2MO04140,295,5
366,H2NC09183,4500,1
367,S0MO00183,-48000,23
368,H0NY24063,3900,2
369,H4CO03357,400326,279
370,S4TX00748,37504,24
371,H4NC13074,25268,10
372,H0NC11233,9906,114
373,H2FL09228,59600,50
374,H2AZ05173,21400,13
375,S0MN00328,-83332,32
376,P40003824,5,1
377,H4CA30255,10819,9
378,H4OH13146,108549,68
379,H2CA15110,1610,6
380,H4ME02309,5101,2
381,H4PA04107,808,2
382,S2MT00096,271898,1857
383,H2CA20094,331501,350
384,H2NY03170,22425,34
385,P40010928,1900566,84
386,H4GA10071,170808,365
387,H8GA08118,80,8
388,S6IL00292,398662,4221
389,S8FL00273,1123019,13076
390,H4MN02169,86251,98
391,H4AZ01194,655312,583
392,H2OH02127,2722,24
393,H2FL15241,67700,56
394,H2CA14162,120019,207
395,H2MS04258,193625,200
396,H4DE00045,607962,687
397,P00010298,16883,13
398,H6CA20152,484231,588
399,H4IL11245,0,1
400,H4SC01305,73556,99
401,H6NJ08118,201922,246
402,H4MA03022,169786,402
403,H0SC03077,198402,287
404,H2NV02395,88450,91
405,H4GA12069,2630,8
406,H2MI07123,371907,205
407,S4WV00159,90750,91
408,H0WI03175,600238,19751
409,H8PA10147,191300,189
410,H8VA06104,156785,147
411,H0SC01394,261016,354
412,H4IN03158,278296,263
413,H0CA48024,194967,649
414,S4PA00287,1842,12
415,S4MI00504,8750,11
416,S4ME00113,25583,16
417,H8OK01157,177970,175
418,H2CA08214,157819,287
419,S0KS00091,48995,57
420,H2IN01172,128,5
421,H8CO02160,430613,817
422,H2NV01264,13220,3
423,H2NC07161,101728,113
424,H6PA16320,113672,116
425,S6MT00162,9301796,36997
426,H4NC13066,170038,121
427,H4VA08224,506573,579
428,H2OR06124,201,1
429,H0MA04192,522223,335
430,H0IN02190,-500,1
431,H4TX23096,395269,49
432,H2SC07280,299086,230
433,H8FL20032,108644,66
434,H0CA10149,87175,73
435,H4UT02296,468164,480
436,H0NY06086,750,3
437,H2CA02142,175513,202
438,H4AZ06045,466829,323
439,H0CO03165,988266,4785
440,H0IL17083,-3659,13
441,H4CA12170,2900,7
442,S4RI00051,35932,61
443,H4UT02304,189644,520
444,H2CA43245,206221,384
445,S0CO00575,116481,3282
446,H2CA25259,46900,52
447,H4CA49149,859050,243
448,H0GA07273,475476,412
449,H8MP00041,1650,1
450,H4TN05111,14200,19
451,H4RI01265,2056188,3122
452,H6LA03155,13790,3
453,H6TX24149,5050,9
454,S6WI00152,12980,50
455,P40010373,4524,7
456,P80000268,3220,3
457,H0TX07170,135979,583
458,P00012211,1427,25
459,H2TX35011,144045,296
460,H2FL07214,10000,4
461,H0NC02125,356820,524
462,H2NC06114,26805,104
463,H2NY23137,86,2
464,H2AZ02311,701960,969
465,H4WA03122,186354,187
466,H2MI13261,66824,83
467,H2VA02064,651853,2301
468,H4PA01111,15914,28
469,H6LA04138,177350,187
470,H4GA01039,242292,372
471,H0IN01150,430384,689
472,H2TX24197,193499,224
473,H4OH09136,409437,163
474,H0CA25105,1074154,2803
475,H4CA02130,9808,18
476,H4IL14140,60285,30
477,H4NV04108,306854,79
478,H4NV03159,146244,161
479,H6NJ05171,2388279,1462
480,H8AZ02201,520,1
481,H2TX23132,12864,4
482,H0KS03236,2900,1
483,H0TX16106,3559,12
484,P60005915,2335,48
485,S4FL00595,48900,36
486,H0TX21148,1657,27
487,H8NJ03073,410515,407
488,H4NY04158,497044,403
489,S4MI00355,466131,6367
490,H2FL22171,220609,257
491,S4MD00350,268043,146
492,S4CA00589,2301143,6090
493,H2MN08152,147246,280
494,H2NC13243,247020,113
495,H2PA04135,495910,1542
496,H8MI08102,356790,352
497,S6MD03441,29185,252
498,H4CA40106,206039,379
499,H8NJ07223,69565,150
500,H0NC09187,251450,200
501,H4MO01134,250808,299
502,H4TX10028,255354,197
503,H0TN04195,58000,31
504,H0NC02059,6250,4
505,H2CO03344,271,5
506,S0NH00326,2000,2
507,H0OR02127,222643,219
508,S8ID00027,62714,132
509,H4IN03182,7300,3
510,S4NE00207,50270,35
511,H8OR05230,176995,299
512,S4IN00261,35486,79
513,H4ME02283,10750,9
514,H0NJ05240,255,2
515,S4CA00696,1771082,821
516,H4VA10162,251,1
517,S6VA00093,722196,3105
518,H2FL01233,1008,1
519,H4NY24073,-48100,21
520,P40015216,2750,2
521,P00008946,7203,6
522,H2VA05091,32229,1
523,H2CO08137,2900,1
524,H0MS04161,3400,4
525,H8TX29052,93709,77
526,S4WV00332,1279602,935
527,H8MN08043,401531,429
528,H2IL17147,929617,1338
529,S8CA00515,2766,10
530,H4CA49164,161635,73
531,P40013716,14948,7
532,H2MN01249,1189265,3
533,H6AZ01199,550,4
534,H2NH02294,33,1
535,H4TX06224,18140,87
536,H2WA03183,6400,7
537,H2IL17139,34676,5
538,H4KS02149,8170,27
539,S0AL00230,500667,1219
540,H2FL14053,439018,413
541,H6PA02171,89485,152
542,S2WI00417,1750,4
543,H2NJ10154,94750,88
544,P40010514,10000,1
545,H2NY22212,382716,385
546,H4CA47143,100,1
547,H4CA06156,8950,14
548,H2NY17162,717411,890
549,H2CA31125,911107,973
550,H2NC06155,1000,1
551,H4NC02143,69691,43
552,H2GA11230,900,2
553,H4NY22085,119555,247
554,H2NC06171,793,3
555,H0CA22102,62435,107
556,S4MI00538,62399,127
557,H4NY22077,28000,67
558,H4WI01163,680,4
559,H4CO01153,250,1
560,H2PA01099,409667,488
561,H4NY03218,204078,118
562,H4CO03316,47256,49
563,H2IL01331,-3000,2
564,P40013922,5053,10
565,H2CT05123,125,3
566,H4IN03240,13972,21
567,S2WI00342,0,6
568,H4WV02197,500,1
569,H0IN05326,33150,83
570,H2CA37346,65,1
571,S4RI00085,36966,29
572,S4NV00312,112747,87
573,H4FL08101,14400,8
574,H2CA49267,1500,1
575,H2MO04207,219725,143
576,H2RI02168,-1000,2
577,H0PA02091,2000,3
578,H6WY00159,159394,423
579,S2CA00872,0,1
580,H4NY16061,35650,50
581,H4FL08119,7496,17
582,H0MA10082,103093,208
583,H2OR05209,540966,1012
584,H4TX07081,479451,586
585,H4WA04104,166663,244
586,H0NY16143,396537,895
587,H6KY03124,90,9
588,H2AZ06254,870,3
589,H0WA08103,560,13
590,H2TX23082,650167,439
591,S2AL00145,792843,892
592,H2FL21108,53938,59
593,H4PR01010,267116,685
594,H6KY01110,748096,4173
595,P40007668,480,1
596,S0AR00150,83075,83
597,H2NV04011,845793,890
598,H6OR03064,183796,174
599,H8MN05239,585079,5062
600,H0NC03248,640,1
601,H4WV01066,49120,21
602,H4CT04155,26074,42
603,H2FL07230,6335,14
604,H4ID01131,20250,16
605,H6MS01131,248000,268
606,H2KY04121,81159,161
607,S0AZ00350,919229,17190
608,H0TX13228,923653,27646
609,S2WA00189,244762,1673
610,H4RI01232,66300,66
611,H0MO06073,443231,403
612,H8IL09067,396323,690
613,S4VA00197,99670,263
614,H0NY17174,1024798,724
615,H2VT01076,157505,1007
616,H2UT02324,119200,88
617,H2CA22215,254730,206
618,H2FL18096,397,7
619,P40010621,41160,12
620,P80000722,6370755,27587
621,P80001571,154600,382
622,H8NC13067,499561,594
623,H4PA13199,318153,357
624,H6FL18121,114851,358
625,H0MI02094,361830,329
626,H0FL23090,114851,358
627,S8MI00281,1272185,608
628,H0VA09055,56975,70
629,H0CA15171,121550,139
630,H4TX09095,32470,33
631,H0DC00058,12850,8
632,S8UT00176,40008,150
633,H2IA04141,1400,7
634,H0NY11078,365040,747
635,H2WI02124,89103,480
636,H4AZ01228,441247,460
637,H2NY04277,540778,519
638,H4IL05163,13200,4
639,H2LA05126,327646,262
640,H4MD06266,4680,17
641,H8TX05144,186400,96
642,S2NC00505,253539,1446
643,H8KS04112,157468,157
644,H0CT03072,257492,476
645,P40011793,10154696,22177
646,S4OH00200,568100,1151
647,H4RI01299,23060,30
648,S0GA00559,1763322,18964
649,H2UT03306,250,1
650,H4WI04183,167752,216
651,H8ID01124,39046,66
652,H8TX02166,559217,1874
653,H8SC04250,64661,73
654,S8AZ00197,1912041,3105
655,H4CA36146,5250,2
656,H0WA08046,482665,784
657,H2NY01117,-2900,5
658,H8CA20059,50219,105
659,H4PA07118,117105,121
660,H2PA17103,653052,725
661,H8AZ01104,277661,12436
662,H4NC06052,5800,2
663,H2CA37023,1311438,1014
664,H2IN02295,238714,3652
665,H4MD06258,14656,21
666,S2VT00235,21905,110
667,H4OR06013,57050,44
668,P40014011,720074,1234
669,P00014514,81000,1
670,H8CA48100,1750,1
671,H0VA10186,1250,1
672,H8MI11254,372053,834
673,H4GA06137,3100,4
674,H4IN03208,15080,21
675,P20003984,12600,84
676,S4UT00225,66500,42
677,S4NV00262,36720,91
678,H4MD06332,20000,1
679,H4FL09166,24160,34
680,H4VA04066,1532968,3042
681,H2OR04152,6523,2
682,H2NJ08232,179633,190
683,S8OR00207,235878,6637
684,S4MI00553,603375,693
685,H0AL02087,6250,4
686,H2AK00226,-9939,17
687,H6FL18097,381690,2561
688,H6MD07020,32466,60
689,H0FL13158,336457,1094
690,H2CA40092,-1400,5
691,H4FL14117,110,1
692,H2OH14064,318430,294
693,H4WA08147,5000,3
694,H4MT02064,5337,12
695,H4FL23118,7072,4
696,H0GA05301,94333,230
697,H2TX15195,151665,2
698,H4WI03193,109481,140
699,H8AL02171,229154,154
700,H8PA18199,333660,452
701,H2NY11140,3600,4
702,H2IL03154,-11800,6
703,P40013724,8311,9
704,H0FL10113,1280,10
705,H0WA06081,252,1
706,H2MN05166,1000,1
707,S0KY00156,710224,7428
708,H0IN08114,136800,108
709,H6MI01226,104385,245
710,S4TX00805,162212,90
711,H4MN05097,53000,32
712,H4CA45147,168986,192
713,H4IL07201,54132,111
714,H4NJ07107,431828,523
715,H8CO07045,270344,635
716,H2NC05157,31491,638
717,H4MT02049,2900,5
718,H2TX31044,325076,274
719,S4DE00060,1063016,1241
720,H4CA20132,28664,174
721,P40011983,28575,152
722,H4PA16093,90495,82
723,H8RI01092,520,1
724,H4NY20154,400,1
725,H2TX33073,183243,160
726,P00009621,2155,1
727,H2CA39136,500,1
728,H2MI10150,458485,1960
729,S4MD00319,284810,189
730,H4IL11260,178760,254
731,S4VA00353,362616,1219
732,H2TN05362,0,6
733,H0CA27085,800,9
734,S4TX00672,3050,2
735,S4UT00217,428270,245
736,H4NY01139,108345,124
737,H4IN03133,15929,28
738,H2TX03290,238327,206
739,H2MI11240,-5100,3
740,H2NH01270,7670,80
741,H2NY03162,550172,463
742,H4PA12068,51954,42
743,H4CA09093,226637,195
744,H4CA13095,7450,8
745,H4RI01141,16820,12
746,H0WI07101,217535,238
747,H4GA14057,28482,52
748,H0MD06231,14333,65
749,H4TX23138,1254,2
750,H2NC13227,18200,13
751,H8NY12129,41932,19
752,S4OH00192,3311580,2602
753,H2NC14035,6359,4
754,H4MT02056,5300,8
755,S2WI00359,12075,32
756,H2VA05133,50,2
757,P40012445,500,1
758,H0NY17281,8700,3
759,H4UT02320,21823,10
760,S4NY00321,4250,11
761,H4CA10091,250,1
762,H4MI04126,418985,397
763,H6CA24303,636971,327
764,S2KY00012,335505,6996
765,S4AK00214,33653848,553902
766,S4TX00607,6200,14
767,H2CA21233,118521,176
768,H8PA07200,208485,519
769,S2WI00441,155826,598
770,H8IL14067,458885,830
771,H8MI13250,621513,2158
772,H6MD08523,72949,119
773,H4MN05105,2500,5
774,H8WA08189,1333275,2620
775,H2NM02191,709176,1598
776,H4AZ01186,148249,104
777,S4CA00522,4277798,33182
778,H2VA07147,10799,8
779,H0CA04167,4375,20
780,H2CA36439,534347,665
781,H2PA17079,1114576,1202
782,H4NY27076,264934,312
783,H2OH09155,1000,1
784,S0FL00338,1489312,36820
785,S6NH00091,429936,2437
786,S4MI00470,5829768,11279
787,H4RI01166,238483,286
788,H0TN09061,20553,28
789,H4RI01281,98800,39
790,S6FL00376,2185,44
791,H2AZ01354,719486,17117
792,H2CA03157,884128,1763
793,H2NY24150,213805,821
794,H2CO03328,2900,4
795,H8OH05036,184745,207
796,S2FL00581,2185,44
797,H2IL02172,208062,312
798,H4CA12188,76580,120
799,H2HI02581,183397,295
800,H0OK05205,428385,1981
801,H4MN02151,5100,5
802,S4MT00175,6150,19
803,H2AZ07070,106061,174
804,H2FL07156,140823,190
805,H8TX27049,150096,252
806,H6TX19099,228336,189
807,H0TX08145,7360,9
808,S6OH00163,8981039,48402
809,H0NY15160,1318271,942
810,H4AS00036,11900,5
811,S6OR00110,121896,426
812,S0NY00410,1579365,5494
813,H4MI01155,147213,423
814,H4CA20082,218700,160
815,S4NE00215,8799,10
816,H6PR00082,1118121,1229
817,H8MO01143,199793,908
818,H2IL11272,10301,18
819,H4NY03127,651445,602
820,H8IL16153,39081,42
821,H2WI02181,2140,5
822,S0WI00247,1900,2
823,H2NH02260,92698,121
824,H8NY06048,217457,182
825,H4WA08139,56621,75
826,H8TX16109,330819,351
827,P00011239,244,3
828,H4MD06324,18386,10
829,H2NE02132,706742,538
830,H2KY02125,205,2
831,H0KS02188,302750,515
832,H8TN06094,527302,1856
833,H2GA12121,249202,234
834,P00009910,1128923,8551
835,H8FL06148,267559,999
836,H2TX16250,730,2
837,P40010647,6000,1
838,H6MD03292,12260,26
839,H4CA47093,6585,24
840,H2FL07164,-11031,15
841,S2NV00324,17548,35
842,H4TX32147,15550,31
843,S2MO00528,1508125,10904
844,H2CO08020,656916,831
845,H0CA03128,20,2
846,H6CA46116,113875,84
847,H0GA09246,101408,89
848,H6WA09025,311384,339
849,H2UT04106,15700,10
850,H4AZ03117,278176,527
851,H2OR04095,324104,394
852,H0OR04107,88,4
853,S4CA00829,2301143,6090
854,S0NM00058,235834,3807
855,H0IA01174,830828,3684
856,H4TX28087,17300,10
857,H8CO06229,424551,970
858,S6ME00159,421659,532
859,H6CO03139,6250,4
860,H0CA25170,17764,111
861,S4WV00316,4382,18
862,H2TX27273,275,2
863,H4MN05113,500,1
864,H4LA06153,628181,613
865,H0CA28174,13486,36
866,H4NJ07123,182175,125
867,H4TX25182,6587,11
868,H8MN03143,697160,856
869,H0FL02110,6250,4
870,H2NM01144,229588,761
871,H4RI01190,193896,241
872,H4RI01273,213238,203
873,H4PA10088,126476,146
874,H0CA43108,4600,16
875,H2NY16073,12500,2
876,H2MT02092,11275,3
877,H2IL14136,1862,1
878,H2ID02216,8,1
879,H4UT03245,30359,21
880,S0ND00093,51065,127
881,H8ND00096,193725,152
882,H2AZ09191,121365,132
883,H4IL11278,100165,55
884,S4MS00187,28197,76
885,H2AZ08201,3185,10
886,H0CA18068,23100,14
887,H2OH09189,659614,429
888,H2NC08235,78294,51
889,H4OK05199,22775,35
890,H2CA50190,2,1
891,H2CO03211,1800,1
892,H4SC01297,232331,209
893,H2MN01223,328314,316
894,H2NY11124,7620,53
895,P40012734,153000,2
896,H6FL01119,668605,8113
897,S4WA00607,5322,6
898,H2MI05119,329831,492
899,H8MA07032,210405,1058
900,H4ME01152,24000,22
901,S4WI00215,770,2
902,H6MN02149,-850,3
903,H4NJ02207,120110,87
904,H2MD08183,53798,102
905,H0CA06170,25521,33
906,H8VA07094,1079149,3181
907,H4AZ01202,949045,894
908,H4TX32097,3361,6
909,H4TX18153,49903,138
910,H4PA07126,21375,22
911,H6GA04129,17404,46
912,H4MD06290,151778,218
913,H4NY05114,4650,9
914,H2CA39078,166335,131
915,S4MI00496,214750,177
916,S4IN00253,1606000,19
917,H4MD06241,6841,10
918,S8ND00120,773479,1403
919,H4OR05312,10112,3
920,H4NY03184,93152,68
921,H8TX03123,1088192,5
922,H4NY24115,2000,1
923,H2OK02257,40000,1
924,H2CA14196,1631,1
925,H8CT04057,5951,2
926,H4CA30214,1961,5
927,H2CA41132,2750,4
928,H2NJ11145,5148,1
929,H2MT02167,1646,1
930,S4CA00670,3800,2
931,H4CA42086,11062,12
932,H2CA07133,2637,22
933,S6NJ00271,2100,1
934,H0NV04023,500,2
935,S2MD00602,250,1
936,H2SC06134,23506,530
937,H8TX32098,537115,475
938,H2IN04168,59705,72
939,H4NC05146,486009,498
940,S2UT00385,500,1
941,H8KY02031,184200,124
942,S4MD00301,682517,866
943,H2NJ03316,600,1
944,S8MN00578,253793,3698
945,S4LA00065,1828902,14635
946,H0TX04219,102150,68
947,H4TX10093,1240986,1189
948,H2CO03351,2634177,10590
949,S2WI00219,5362752,29843
950,S2AZ00372,5830,2
951,H8CA12098,217376,164
952,H4CA34083,46883,48
953,H4MN06087,4070808,8075
954,H4CA20140,72864,1381
955,H2CT02112,91945,244
956,S4TX00722,5479553,26914
957,S8TN00337,867790,2246
958,S8WV00143,72590,59
959,H2NY13096,382060,380
960,H2CA15094,1386902,2066
961,S2NM00088,2812498,4747
962,H2SC02059,135575,144
963,S8ID00092,99149,125
964,H4CA16049,718212,860
965,H2WA06129,381641,960
966,S4IA00129,774389,8778
967,H0UT04076,240867,814
968,H8TX06266,1124047,37924
969,H4UT02254,1134778,932
970,H6WI08155,639560,531
971,H4RI01224,69555,104
972,H4RI01257,1703662,572
973,H4AZ03141,14000,15
974,H2FL11117,225303,190
975,H0OH06189,311675,271
976,H4TX07099,18361,31
977,H2TX35144,312621,495
978,H2ID01192,20250,16
979,H0AR01083,148900,110
980,H4WA05150,23880,139
981,S0IA00028,82891,1124
982,S4CA00407,37228,60
983,H8MD01094,299776,441
984,H2NY00010,118455,172
985,H2NC04168,125801,73
986,H4NC10047,670050,396
987,H8AZ08158,152794,274
988,H2IL03162,184186,384
989,H2MD03184,500,1
990,H6FL13148,275919,168
991,S2CT00256,350,2
992,H0IL15129,229875,495
993,H4MD06233,59486,133
994,H2CA18163,34349,40
995,H0NJ07261,1077627,737
996,H2CA13131,613946,563
997,H3UT02017,6149,3
998,S6FL00236,1071,1
999,H8CT01046,126260,173
1000,H2NC07096,213263,185
1001,S2HI00106,435686,2173
1002,H6NE03115,190520,147
1003,H2AK01158,773214,3139
1004,S4MI00462,123661,121
1005,H8TX07140,180888,361
1006,H2CA30341,303917,383
1007,H0CA32101,426053,334
1008,S0KY00339,1290,1
1009,H2AL03032,839066,455
1010,H4CA30289,683,5
1011,H2FL14251,400,3
1012,H8NY21245,9473,108
1013,H4OK06056,209444,163
1014,H2TX14149,348594,280
1015,H4OH03105,23800,28
1016,H4MD05201,25075,9
1017,H8NM02156,385421,389
1018,H4FL15155,980,4
1019,H8MA03106,314499,283
1020,H2OH16051,237510,197
1021,H8CA34068,4650,7
1022,H2VI00082,125208,119
1023,H2MD04307,534,2
1024,H0FL15104,118858,214
1025,H8PA06087,506303,871
1026,H0NC03149,118680,506
1027,H4WV02221,63231,344
1028,H4CA30263,174939,321
1029,H2NY17071,306281,426
1030,H4CO03332,77797,118
1031,H4NC12167,137379,116
1032,H4NY03101,443000,1032
1033,H2NY05126,431,1
1034,H4WV02080,0,4
1035,S0AZ00376,3000,1
1036,S2IA00172,3422,9
1037,H2TN05339,5210,4
1038,H2FL07263,10525,6
1039,H4NY04075,0,12
1040,S2SD00068,284889,289
1041,H2FL23260,22,1
1042,H2CA53038,323039,258
1043,H6AL04098,186006,197
1044,H4IL12060,689047,621
1045,H0CA03078,185447,294
1046,H4CA12196,75675,82
1047,S4WA00581,198034,137
1048,H2WA04165,2762,15
1049,H4TX32113,54413,74
1050,H4TX29028,6973,1
1051,H2FL21066,22,1
1052,H4NY00057,13300,21
1053,H0CA08135,239034,192
1054,H0NY14346,116000,1
1055,H4CA30180,920374,815
1056,H6MD08457,565448,2163
1057,H4AZ09031,6200,2
1058,H8CT05245,367330,669
1059,H2MD02160,95250,110
1060,H4TX32089,577127,498
1061,H4IN03141,332305,272
1062,H0OH04093,300,2
1063,H0TN08246,6250,4
1064,H0IN03198,6250,4
1065,H4CA47119,983475,1120
1066,H4MD04162,38210,69
1067,H8IL04134,53625,86
1068,H4TN06192,9300,16
1069,H6CO05159,46900,50
1070,S0DE00092,369260,700
1071,H2FL04211,161387,169
1072,H4PA17158,14483,39
1073,H4CA31139,499249,112
1074,H4UT02312,325250,195
1075,S4MI00595,673250,344
1076,S4AZ00188,498730,2573
1077,S4NJ00417,87550,59
1078,H2RI02234,64427,1
1079,S2KY00111,336,2
1080,H2NV01306,9119,4
1081,H8UT04046,600,1
1082,H2NH01262,2132,1
1083,H4NC12100,52640,99
1084,H0KS01123,136270,114
1085,H4IN05195,104165,42
1086,H6FL11126,138384,336
1087,H4OH15075,25475,36
1088,H2CA12190,3911,10
1089,H4VA07218,8181,14
1090,H4FL22136,249400,157
1091,S4VA00338,39113,81
1092,H2NY14128,36456,292
1093,H0FL13133,150,6
1094,H2MI13212,40885,9
1095,H2CA40076,550,2
1096,H2OR06017,-500,3
1097,H2CA09154,1900,6
1098,S4FL00538,70097,17
1099,H0UT01205,281975,171
1100,P40013955,100,1
1101,H0AZ01259,171422,114
1102,P40013708,105538,382
1103,H8TX33013,500,2
1104,S4MO00284,66478,53
1105,S4MI00488,22887,36
1106,H2GA02031,128656,171
1107,H8FL27110,89,1
1108,S4NJ00185,733756,10982
1109,H4GA12077,2300,5
1110,P80002975,282000,1
1111,H2FL21132,12457,13
1112,H4MI04159,114790,202
1113,H2NJ02219,2500,8
1114,S4FL00611,601277,858
1115,H4CA15074,2401,5
1116,H4CA30123,125,3
1117,H2NY10142,46796,1
1118,H2SC06142,18839,38
1119,H4CA22120,37650,38
1120,H2NY16081,30500,13
1121,H4NY17143,529005,496
1122,H4IN04230,20000,18
1123,H4VA07200,86247,84
1124,H6MN02131,1222752,1835
1125,H4ID02089,6849,33
1126,H2MI01142,41140,134
1127,H4KS03196,88300,13
1128,H4WI07145,5427,53
1129,H2MI13246,1000,1
1130,S4TN00526,596779,1023
1131,H2FL13212,4,1
1132,H2NJ05311,2900,1
1133,H2NC06098,7674,38
1134,H4DE01076,157187,248
1135,P00016741,67209,1
1136,H4AZ02176,7891,17
1137,H0AL01055,408644,7809
1138,H4NY11138,60049,122
1139,H4NJ05135,900,3
1140,H8NJ02166,627927,943
1141,H6TX02079,197940,196
1142,H0GA07232,1695,3
1143,H4MI10099,101442,281
1144,S2CT00314,6050,7
1145,H0WA02080,308486,415
1146,S4SC00240,7919455,82723
1147,H6AZ05083,263280,859
1148,H0CO04197,6778,21
1149,H8KS03155,1005335,2279
1150,S8NV00156,3604533,21426
1151,H0VA05160,225122,313
1152,H2TX26093,360491,8620
1153,H6TN09068,62454,58
1154,S0WI00197,2035078,71636
1155,S2ME00109,1224901,1015
1156,P40011850,651197,858
1157,P40014607,39396,53
1158,P40011868,601354,487
1159,H6GA03113,94295,138
1160,H4NC08066,100350,69
1161,H8WV03097,145690,82
1162,H2CA00096,1325,7
1163,H2FL09277,13380,11
1164,H4MT01041,845465,14420
1165,H2TX32125,60850,50
1166,P40004459,40000,1
1167,H2NY23228,323459,311
1168,H0CA48198,949356,4844
1169,H2VA07261,18275,5
1170,H0NJ09200,3494,9
1171,H2CA06259,159548,316
1172,H0PA07132,234,29
1173,S6RI00221,1072368,3403
1174,H4MA05084,573125,838
1175,S4CO00395,-89867,53
1176,H2MO08091,930,18
1177,H4RI01174,500119,603
1178,H4CA47168,1350,4
1179,H0TX11230,244711,1604
1180,H2NY01190,230444,282
1181,H2MD05536,4961,16
1182,H4TN06200,8405,17
1183,S6PA00217,4543419,14979
1184,H8PA15229,949169,1600
1185,H4MO05234,80105,142
1186,H4CO04165,4763,29
1187,H2SC01127,0,2
1188,H2AL05102,295549,257
1189,H4CA45139,140186,151
1190,S8MO00160,1280037,13643
1191,H4AL06098,631750,340
1192,H2IL01349,48295,66
1193,H6NC09184,968,23
1194,S2CO00241,-1697,1
1195,H4WV02205,353913,318
1196,H0WA10034,350581,592
1197,S0AL00156,21154,101
1198,H8NE02220,135,3
1199,H4OR05296,113517,190
1200,H0FL17068,77850,63
1201,H4IN03166,8006,21
1202,H0WA02189,10,1
1203,H4NH01243,106227,82
1204,H4CA30297,683,5
1205,S6RI00163,160640,279
1206,H6PA08277,828280,637
1207,H4MS04171,1593,4
1208,H4WV02213,22421,83
1209,H8NY21203,161668,392
1210,H0CA48172,2325,6
1211,H4FL23084,3450,6
1212,H2MA09072,55550,73
1213,H4NV01203,177680,190
1214,H2NV04094,6788,176
1215,H4CA30149,658954,1036
1216,H4MA06090,511601,369
1217,S2VA00142,1735154,5785
1218,H2LA02149,229610,145
1219,H2NV03153,59625,55
1220,H4WV01058,34079,83
1221,H0NC06241,200,1
1222,H4OH09144,44458,44
1223,H4NY03093,58518,70
1224,H2NY22196,10391,11
1225,H0MS04120,-2200,2
1226,H2PA16097,14000,4
1227,H2TX33040,103181,114
1228,H8CA39240,1054563,11246
1229,H2WA03217,1465727,3162
1230,H2CA00120,326505,546
1231,H8SC05158,62175,60
1232,H0KY06104,565799,675
1233,H8VA11062,403816,633
1234,H4TX03130,35075,33
1235,P40010951,17500,10
1236,H8IN07184,48626,48
1237,H4OR05270,1250,5
1238,S4HI00136,61973,165
1239,S4VA00221,7050,64
1240,P40011082,7124400,30917
1241,H4TX07149,23065,19
1242,H8SD01055,633412,509
1243,H4NV03183,115342,71
1244,H4KS03204,66715,92
1245,H4FL09174,500,1
1246,H6CO07023,-5800,2
1247,S2PA00463,163800,6
1248,H2FL15191,300,1
1249,H2AZ02378,17114,3
1250,H2NC12278,1000,1
1251,H4CO04090,64689,251
1252,S2PA00638,122914,4324
1253,H8PA05071,657554,569
1254,S4MT00183,1713121,1752
1255,H2MO07184,23400,5
1256,P40015109,15581,6
1257,H2NJ02193,36530,67
1258,H4IN05179,499163,291
1259,S2AZ00380,4362,1
1260,S2MO00726,-36200,19
1261,H6DE00206,338351,302
1262,H2NC02287,173708,203
1263,H2FL08063,177444,271
1264,H2OH13264,445953,598
1265,H6KS01146,6250,4
1266,H0TX24209,383619,886
1267,H4MI03250,5000,2
1268,H2CA02241,14960,11
1269,S4NV00270,172550,128
1270,H8ID02064,153561,146
1271,H2WA03134,496,4
1272,H0WI08075,6250,4
1273,H0IL17059,6250,4
1274,H0IL14080,6250,4
1275,P40015356,2156,3
1276,H4OH09151,42033,45
1277,H0AR03055,152275,141
1278,H8PA13125,69130,68
1279,H4CA30164,285491,41
1280,S4NM00159,2072,5
1281,H4CA12154,726262,949
1282,H0CA17193,3001,2
1283,H4RI01216,595727,955
1284,H4OH08146,2000,1
1285,H2MD02343,250,1
1286,H8FL07070,1753,2
1287,H4VA04058,36700,20
1288,S4MO00268,4026,32
1289,S2AZ00331,15000,1
1290,H8TX21307,799566,1104
1291,H0FL03175,244519,421
1292,S2CA01060,13400,6
1293,S4WV00324,744856,1080
1294,H4OR05304,221305,315
1295,H8CA04210,280956,218
1296,S4MA00028,211332,2535
1297,S8GA00180,416201,12921
1298,H2IN08151,225140,71
1299,H2CA37296,2600,2
1300,H8CA04152,364579,392
1301,H0IL07167,32829,78
1302,P40008716,214,2
1303,S4VA00254,11150,11
1304,H2VA10265,30010,17
1305,H4NY04182,182490,174
1306,S4MI00546,5000,10
1307,H2CA23155,1200,6
1308,H4CA11164,1000,3
1309,H4CA14093,102881,54
1310,H4CA30230,36854,58
1311,H4CO03290,6000,1
1312,H2GA14044,22529,35
1313,H2OH04164,40314,154
1314,S6MD03177,25450,45
1315,H4MT02031,10535,26
1316,H4NY03085,289443,255
1317,H8CA49074,400376,249
1318,H4SD01039,1255,3
1319,H4CA49156,25500,20
1320,H4MD06308,9724,10
1321,S4TX00771,10900,3
1322,H4KS03212,289127,145
1323,H4NJ08105,15260,11
1324,H4MI03268,103255,61
1325,H4CO07044,2577,7
1326,H4CA39066,1762,9
1327,S4NJ00391,354760,129
1328,H2AL03107,196,1
1329,H2CA37338,300,1
1330,H4CA30156,5580,4
1331,H4AZ01244,610940,201
1332,S2IA00131,7500,1
1333,S2OK00269,10,1
1334,H2MA05153,1278,1
1335,H2NJ01138,0,1
1336,H0CA35146,16350,14
1337,H4CA06164,3385,3
1338,H4MI03243,112766,86
1339,H6OR04047,4310,2
1340,S0MT00173,3044,22
1341,H4FL25022,1000,3
1342,H4MD01143,41497,34
1343,H4MI10115,9350,21
1344,H4FL16179,8753,11
1345,H2WA02219,2093,8
1346,S8OH00144,1040,21
1347,H2GA13012,19400,17
1348,H8CA01109,242560,459
1349,S2TX00312,7080223,58034
1350,H4TX18054,47085,37
1351,H2MI10176,172650,115
1352,H2NY19127,499379,620
1353,H2CA50174,4775,16
1354,S8WA00194,4385899,6459
1355,H6CO01141,89440,127
1356,S0SC00289,-720,3
1357,H8CA05035,1310787,32012
1358,H8CA10126,1208768,1799
1359,H4RI01208,165352,408
1360,H4TX06208,2450,5
1361,H2NC14050,186150,161
1362,H4NC11094,4421,18
1363,H2CA37304,299225,252
1364,H2MI04260,5014,22
1365,P40013039,28632475,46742
1366,S4MI00561,19105,27
1367,H0NM03102,628285,984
1368,H4WI07129,14823,48
1369,H4NJ07115,100897,79
1370,P40007734,12694,32
1371,H8ME02185,973699,1302
1372,S6NJ00289,3094432,2579
1373,H2MO02102,861561,6056
1374,H2NE01118,352800,287
1375,H4FL20023,796478,480
1376,H2OH09031,380926,463
1377,H4IL07177,375500,228
1378,H4AR02141,443850,302
1379,H4IL07193,67454,69
1380,H2RI02184,573085,652
1381,H0MI03316,790764,1407
1382,S4NC00162,348999,1011
1383,H4MS02068,63550,70
1384,H0CO04122,-89867,53
1385,H6FL09179,86805,106
1386,H8CA48035,1187362,323
1387,H0WA03138,7500,1
1388,S4LA00107,517619,1045
1389,S2MO00593,3135,14
1390,S6IL00391,12000,4
1391,S4VT00033,1174508,72960
1392,H2NY10092,2476737,14576
1393,H8NY25105,73210,136
1394,H2OH15228,245856,269
1395,H8IL14174,1018802,2353
1396,H4UT02288,45450,19
1397,H0MN07091,140661,262
1398,H2AZ09183,750,7
1399,H2FL25018,288745,280
1400,H2NC02238,15850,10
1401,S0CO00211,135474,1889
1402,H4MO08162,1487127,971
1403,H2CA00146,6881,4
1404,S6IL00151,96368,2634
1405,H4CA30131,890703,824
1406,H4CA12055,4933731,2430
1407,H8UT03238,167601,159
1408,H0TX15124,510349,1263
1409,H8AL03062,0,2
1410,S8MS00196,2180561,2115
1411,S4VA00239,70401,287
1412,S4NV00288,636854,1561
1413,H0MN04049,407048,384
1414,H4IL13258,2964,14
1415,H4GA02136,13890,10
1416,S4IN00196,1572357,3859
1417,S6ID00104,190,1
1418,S2MA00170,1430636,39613
1419,H2IL10068,761864,1316
1420,H2MN05190,5500,1
1421,H2NJ12127,18050,23
1422,H4TX32071,115376,185
1423,P40005936,46520,65
1424,H0IA04145,588723,784
1425,H4UT02262,143600,65
1426,H2IA03119,759085,5598
1427,H4AL02196,3750,5
1428,S4WI00173,12980,50
1429,H4WA05077,982100,1302
1430,H4CA35031,101400,129
1431,H4AZ03125,47260,101
1432,H2WY00166,381595,2824
1433,H4CA30222,1376,2
1434,S8IN00171,9750,4
1435,H8CA49058,1202372,2086
1436,H2LA03105,585,13
1437,H2PA07096,58227,85
1438,H4NY03242,41919,50
1439,H4NC01129,64700,64
1440,H4NV03167,34876,79
1441,H4MI07103,168826,258
1442,H4AZ01210,77163,187
1443,H2CT05230,1750,3
1444,S4CA00639,189489,362
1445,H4MI12079,62211,171
1446,H4WI03177,250,1
1447,H4NY21129,4477,40
1448,H2OH03067,217945,173
1449,H6IN09143,126053,116
1450,S2OK00186,161961,222
1451,H0CA10073,89251,163
1452,S4NV00247,100,1
1453,P40013765,1380322,567
1454,H2IA02111,591768,516
1455,S0TX00324,24950,8
1456,P40007312,677,1
1457,P40012015,36706,114
1458,H4IL13241,10146,13
1459,H2AZ02337,20,1
1460,S4NE00090,209900,84
1461,H2ME01131,100,1
1462,H2OK02315,108170,90
1463,P40010324,4400,5
1464,H4IN03174,146810,107
1465,H2AR02095,317,6
1466,H8TN07076,489113,422
1467,S4MD00327,2915267,3218
1468,S0KS00315,142201,250
1469,H4FL01197,25981,65
1470,H4NY04174,5048,4
1471,H2CA42205,1290525,2077
1472,H0OH18077,6250,4
1473,H0NY20095,6250,4
1474,H0GA08099,268871,268
1475,S4NY00313,4712,12
1476,H2HI02128,52400,61
1477,H2FL10259,649523,3167
1478,H4CA51103,11342,15
1479,H4CA51095,11342,15
1480,H4TX12057,118150,47
1481,H4DE00052,89100,81
1482,H4AZ03109,718308,767
1483,H4MS04163,3400,4
1484,S8AL00381,-13700,5
1485,H4MN04132,2061,4
1486,H0IL05096,152825,136
1487,S2NE00094,551153,3948
1488,H8AZ09040,642919,841
1489,S8MS00261,69075,1138
1490,H4CA31170,580550,54
1491,H0KY05015,131050,124
1492,H4OK01107,20883,42
1493,H4CA25230,4536,24
1494,H4GA14040,1500,3
1495,H2KY03206,328787,398
1496,H4CA26162,10300,12
1497,H2TX07119,100000,1
1498,H2AZ08193,3185,10
1499,H4TX24169,44900,39
1500,H2MN03112,-5800,2
1501,H2IL08146,170546,8
1502,H6NY19169,5000,2
1503,H6FL02208,177303,255
1504,H4NY04166,136310,67
1505,H2TX30178,195826,227
1506,S2WA00510,5322,6
1507,S0NH00219,253842,3168
1508,H4NY03200,16592,25
1509,H4MI10131,175624,82
1510,H4IN03232,97036,69
1511,H0IL03133,1550,2
1512,S4FL00553,146444,20
1513,H4OH13112,186188,163
1514,H8NY22177,999381,1770
1515,S4MO00276,11600,10
1516,H2CA45125,21900,8
1517,H2GU01031,30750,49
1518,S2NC00273,35,2
1519,H2CA26133,500,1
1520,H0AL07086,335404,472
1521,H2OH04156,40314,154
1522,S2OH00386,143,1
1523,S4MI00587,4831,16
1524,H4TX31065,15380,19
1525,H4CA09101,2750,3
1526,H4GA06145,46800,70
1527,H2NY10324,2100,1
1528,H2AZ07187,4800,3
1529,H2NE01092,11923,2
1530,S4NV00304,100382,100
1531,H2IL16107,926,37
1532,H2MD02368,250,1
1533,H2FL10283,2750,2
1534,S4IA00103,22000,4
1535,H0CA45160,8521,5
1536,H8CA25074,14983,170
1537,H4CA30305,500,2
1538,H2VA01124,27374,43
1539,H4FL24041,2844,13
1540,H6MD04209,0,10
1541,H4RI01182,250,1
